"FullName","Length","Attributes"
"C:\Users\25902\OneDrive\佑的文件\文档\文件（学习）整理\碩士學習資料\剑雅资料\雅思A类学习教程\雅思学习计划.emmx","28153","Archive, ReparsePoint"
"C:\Users\25902\OneDrive\佑的文件\文档\文件（学习）整理\碩士學習資料\研究資料\半導體學習資料\半导体元件资料\制造工程资料整理\元件製程\制程\Memory MOSFET（橫向結構MOSFET）\1.1.1記憶體MOSFET.emmx","4880114","5248544"
"C:\Users\25902\OneDrive\佑的文件\文档\文件（学习）整理\碩士學習資料\研究資料\半導體學習資料\半导体元件资料\制造工程资料整理\元件製程\制程\Memory MOSFET（橫向結構MOSFET）\1.1.2記憶體MOSFET製程.emmx","1453413","5248544"
"C:\Users\25902\OneDrive\佑的文件\文档\文件（学习）整理\碩士學習資料\研究資料\半導體學習資料\半导体元件资料\制造工程资料整理\元件製程\制程\Memory MOSFET（橫向結構MOSFET）\1.1.3記憶體MOSFET指標.emmx","1493341","5248544"
"C:\Users\25902\OneDrive\佑的文件\文档\文件（学习）整理\碩士學習資料\研究資料\半導體學習資料\半导体元件资料\制造工程资料整理\元件製程\制程\Power GaN\GaN Planner元件製程.emmx","15251","5248544"
"C:\Users\25902\OneDrive\佑的文件\文档\文件（学习）整理\碩士學習資料\研究資料\半導體學習資料\半导体元件资料\制造工程资料整理\元件製程\制程\微缩制程\微縮製程.emmx","813253","5248544"
"C:\Users\25902\OneDrive\佑的文件\文档\文件（学习）整理\碩士學習資料\研究資料\半導體學習資料\半导体元件资料\制造工程资料整理\元件製程\制程\微缩制程\微缩制程指标.emmx","5443596","5248544"
"C:\Users\25902\OneDrive\佑的文件\文档\文件（学习）整理\碩士學習資料\研究資料\半導體學習資料\半导体元件资料\制造工程资料整理\元件製程\设备\製程基本設備.emmx","17786","5248544"
"C:\Users\25902\OneDrive\佑的文件\文档\文件（学习）整理\碩士學習資料\研究資料\半導體學習資料\半导体元件资料\器件工程资料整理\GaN 资料整理\GaN元件整理\元件特性\動態特性\反向恢復特性.emmx","64003","5248544"
"C:\Users\25902\OneDrive\佑的文件\文档\文件（学习）整理\碩士學習資料\研究資料\半導體學習資料\半导体元件资料\器件工程资料整理\GaN 资料整理\GaN元件整理\元件特性\動態特性\捕捉電子現象.emmx","10029","5248544"
"C:\Users\25902\OneDrive\佑的文件\文档\文件（学习）整理\碩士學習資料\研究資料\半導體學習資料\半导体元件资料\器件工程资料整理\GaN 资料整理\GaN元件整理\元件特性\動態特性\缺陷（動態導通電阻）.emmx","111434","5248544"
"C:\Users\25902\OneDrive\佑的文件\文档\文件（学习）整理\碩士學習資料\研究資料\半導體學習資料\半导体元件资料\器件工程资料整理\GaN 资料整理\GaN元件整理\元件特性\動態特性\輻照特性（SEB-BJT效應，SET，SEGB）.emmx","853392","5248544"
"C:\Users\25902\OneDrive\佑的文件\文档\文件（学习）整理\碩士學習資料\研究資料\半導體學習資料\半导体元件资料\器件工程资料整理\GaN 资料整理\GaN元件整理\元件特性\靜態特性\ID-VD輸出output特性圖（靜態導通電阻特性）.emmx","403141","5248544"
"C:\Users\25902\OneDrive\佑的文件\文档\文件（学习）整理\碩士學習資料\研究資料\半導體學習資料\半导体元件资料\器件工程资料整理\GaN 资料整理\GaN元件整理\元件特性\靜態特性\ID-VG轉移transfer特性圖（閾值電壓特性） .emmx","148625","5248544"
"C:\Users\25902\OneDrive\佑的文件\文档\文件（学习）整理\碩士學習資料\研究資料\半導體學習資料\半导体元件资料\器件工程资料整理\GaN 资料整理\GaN元件整理\元件特性\靜態特性\崩潰特性.emmx","237792","5248544"
"C:\Users\25902\OneDrive\佑的文件\文档\文件（学习）整理\碩士學習資料\研究資料\半導體學習資料\半导体元件资料\器件工程资料整理\GaN 资料整理\GaN元件整理\元件特性\靜態特性\硬切換損耗.emmx","7367","5248544"
"C:\Users\25902\OneDrive\佑的文件\文档\文件（学习）整理\碩士學習資料\研究資料\半導體學習資料\半导体元件资料\器件工程资料整理\GaN 资料整理\GaN元件整理\元件特性\靜態特性\辐射效应- TCAD based investigation of single event transient effect in double channel AlGaNGaN HEMT.emmx","1051608","5248544"
"C:\Users\25902\OneDrive\佑的文件\文档\文件（学习）整理\碩士學習資料\研究資料\半導體學習資料\半导体元件资料\器件工程资料整理\GaN 资料整理\GaN元件整理\元件特性\靜態特性\辐射效应.emmx","119238","5248544"
"C:\Users\25902\OneDrive\佑的文件\文档\文件（学习）整理\碩士學習資料\研究資料\半導體學習資料\半导体元件资料\器件工程资料整理\GaN 资料整理\GaN元件整理\元件特性\靜態特性\電容電荷特性.emmx","610195","5248544"
"C:\Users\25902\OneDrive\佑的文件\文档\文件（学习）整理\碩士學習資料\研究資料\半導體學習資料\半导体元件资料\器件工程资料整理\GaN 资料整理\GaN元件整理\元件結構\依據HEMT功能分類\元件結構對比.emmx","70782","5248544"
"C:\Users\25902\OneDrive\佑的文件\文档\文件（学习）整理\碩士學習資料\研究資料\半導體學習資料\半导体元件资料\器件工程资料整理\GaN 资料整理\GaN元件整理\元件結構\依據HEMT功能分類\常开(耗尽型)D-mode.emmx","30622","5248544"
"C:\Users\25902\OneDrive\佑的文件\文档\文件（学习）整理\碩士學習資料\研究資料\半導體學習資料\半导体元件资料\器件工程资料整理\GaN 资料整理\GaN元件整理\元件結構\依據HEMT功能分類\常闭(增强型)E-mode.emmx","123079","5248544"
"C:\Users\25902\OneDrive\佑的文件\文档\文件（学习）整理\碩士學習資料\研究資料\半導體學習資料\半导体元件资料\器件工程资料整理\GaN 资料整理\GaN元件整理\元件結構\依據元件結構特征分類\依據SDG结构&接觸方式分類\Gate\Trigate--AlGaNGaN FinFET A Comparative Study.emmx","740108","5248544"
"C:\Users\25902\OneDrive\佑的文件\文档\文件（学习）整理\碩士學習資料\研究資料\半導體學習資料\半导体元件资料\器件工程资料整理\GaN 资料整理\GaN元件整理\元件結構\依據元件結構特征分類\依據SDG结构&接觸方式分類\Gate\柵極主要接觸方式概要.emmx","33028","5248544"
"C:\Users\25902\OneDrive\佑的文件\文档\文件（学习）整理\碩士學習資料\研究資料\半導體學習資料\半导体元件资料\器件工程资料整理\GaN 资料整理\GaN元件整理\元件結構\依據元件結構特征分類\依據SDG结构&接觸方式分類\SD\SD-Recessed\TLM（Transmission Line Method，傳.emmx","638842","5248544"
"C:\Users\25902\OneDrive\佑的文件\文档\文件（学习）整理\碩士學習資料\研究資料\半導體學習資料\半导体元件资料\器件工程资料整理\GaN 资料整理\GaN元件整理\元件結構\依據元件結構特征分類\依據SDG结构&接觸方式分類\SD\SD-Recessed\图形沟槽--Optimization of Ohmic Contact .emmx","1067634","5248544"
"C:\Users\25902\OneDrive\佑的文件\文档\文件（学习）整理\碩士學習資料\研究資料\半導體學習資料\半导体元件资料\器件工程资料整理\GaN 资料整理\GaN元件整理\元件結構\依據元件結構特征分類\依據SDG结构&接觸方式分類\SD\SD-Recessed\均勻溝槽--Recessing process for Au-free ohmic contacts formation on AlGaNGaN heterostructures with .emmx","1855168","5248544"
"C:\Users\25902\OneDrive\佑的文件\文档\文件（学习）整理\碩士學習資料\研究資料\半導體學習資料\半导体元件资料\器件工程资料整理\GaN 资料整理\GaN材料整理\GaN與其他材料對比.emmx","74489","5248544"
"C:\Users\25902\OneDrive\佑的文件\文档\文件（学习）整理\碩士學習資料\研究資料\半導體學習資料\半导体元件资料\器件工程资料整理\GaN 资料整理\GaN材料整理\晶体结构\Ga-Face 方向證明.emmx","106150","5248544"
"C:\Users\25902\OneDrive\佑的文件\文档\文件（学习）整理\碩士學習資料\研究資料\半導體學習資料\半导体元件资料\器件工程资料整理\GaN 资料整理\GaN材料整理\晶体结构\晶格結構&二維電子氣（極化效應）.emmx","674660","5248544"
"C:\Users\25902\OneDrive\佑的文件\文档\文件（学习）整理\碩士學習資料\研究資料\半導體學習資料\半导体元件资料\器件工程资料整理\GaN 资料整理\GaN磊晶整理\磊晶結構設計\橫向結構\0.磊晶技術概述.emmx","82671","5248544"
"C:\Users\25902\OneDrive\佑的文件\文档\文件（学习）整理\碩士學習資料\研究資料\半導體學習資料\半导体元件资料\器件工程资料整理\GaN 资料整理\GaN磊晶整理\磊晶結構設計\橫向結構\多通道技术\1.單通道磊晶結構.emmx","73839","5248544"
"C:\Users\25902\OneDrive\佑的文件\文档\文件（学习）整理\碩士學習資料\研究資料\半導體學習資料\半导体元件资料\器件工程资料整理\GaN 资料整理\GaN磊晶整理\磊晶結構設計\橫向結構\多通道技术\2.雙通道磊晶結構.emmx","1818969","5248544"
"C:\Users\25902\OneDrive\佑的文件\文档\文件（学习）整理\碩士學習資料\研究資料\半導體學習資料\半导体元件资料\器件工程资料整理\GaN 资料整理\GaN磊晶整理\磊晶結構設計\橫向結構\多通道技术\3.三通道磊晶能帶模擬.emmx","5794228","5248544"
"C:\Users\25902\OneDrive\佑的文件\文档\文件（学习）整理\碩士學習資料\研究資料\半導體學習資料\半导体元件资料\器件工程资料整理\GaN 资料整理\GaN磊晶整理\磊晶結構設計\橫向結構\多通道技术\3.三通道開關原因.emmx","224483","5248544"
"C:\Users\25902\OneDrive\佑的文件\文档\文件（学习）整理\碩士學習資料\研究資料\半導體學習資料\半导体元件资料\器件工程资料整理\GaN 资料整理\GaN磊晶整理\磊晶結構設計\橫向結構\磊晶层技术\AlN成核--Epitaxial growth of a high-qua.emmx","1632889","5248544"
"C:\Users\25902\OneDrive\佑的文件\文档\文件（学习）整理\碩士學習資料\研究資料\半導體學習資料\半导体元件资料\器件工程资料整理\GaN 资料整理\GaN磊晶整理\磊晶結構設計\橫向結構\磊晶层技术\Back Barriers--InAlNGaN HEMTs With AlGaN Back Barriers.emmx","392037","5248544"
"C:\Users\25902\OneDrive\佑的文件\文档\文件（学习）整理\碩士學習資料\研究資料\半導體學習資料\半导体元件资料\器件工程资料整理\GaN 资料整理\GaN磊晶整理\磊晶結構設計\橫向結構\磊晶层技术\C-Doped--High Figure-of-Merit (V²BRRON) AlGaNGaN Power HEMT With Periodically C-Doped GaN Buffer and AlGaN Back Barrier.emmx","1532629","5248544"
"C:\Users\25902\OneDrive\佑的文件\文档\文件（学习）整理\碩士學習資料\研究資料\半導體學習資料\半导体元件资料\器件工程资料整理\GaN 资料整理\GaN磊晶整理\磊晶結構設計\橫向結構\磊晶层技术\Fe-Doped--The Effect of Heavy Fe-Doping on 3D Growth Mode and Fe Diffusion in GaN for High Power HEMT Application.emmx","3904432","5248544"
"C:\Users\25902\OneDrive\佑的文件\文档\文件（学习）整理\碩士學習資料\研究資料\半導體學習資料\半导体元件资料\器件工程资料整理\GaN 资料整理\GaN磊晶整理\磊晶製程MOCVD整理\ch1 1.1-1.2磊晶基础制程知识.emmx","8983770","5248544"
"C:\Users\25902\OneDrive\佑的文件\文档\文件（学习）整理\碩士學習資料\研究資料\半導體學習資料\半导体元件资料\器件工程资料整理\Si&SiC资料整理\BJT双极性电晶体\JBS结势垒肖特基二极管.emmx","765723","5248544"
"C:\Users\25902\OneDrive\佑的文件\文档\文件（学习）整理\碩士學習資料\研究資料\半導體學習資料\半导体元件资料\器件工程资料整理\Si&SiC资料整理\BJT双极性电晶体\MPS混合PiN-肖特基二极管.emmx","1574413","5248544"
"C:\Users\25902\OneDrive\佑的文件\文档\文件（学习）整理\碩士學習資料\研究資料\半導體學習資料\半导体元件资料\器件工程资料整理\Si&SiC资料整理\BJT双极性电晶体\PiN二极管.emmx","3491071","5248544"
"C:\Users\25902\OneDrive\佑的文件\文档\文件（学习）整理\碩士學習資料\研究資料\半導體學習資料\半导体元件资料\器件工程资料整理\Si&SiC资料整理\BJT双极性电晶体\SBD肖特基势垒二极管.emmx","634783","5248544"
"C:\Users\25902\OneDrive\佑的文件\文档\文件（学习）整理\碩士學習資料\研究資料\半導體學習資料\半导体元件资料\器件工程资料整理\Si&SiC资料整理\BJT双极性电晶体\TMBS沟槽式肖特基势垒二极管.emmx","904064","5248544"
"C:\Users\25902\OneDrive\佑的文件\文档\文件（学习）整理\碩士學習資料\研究資料\半導體學習資料\半导体元件资料\器件工程资料整理\Si&SiC资料整理\BJT双极性电晶体\寿命控制技术.emmx","932767","5248544"
"C:\Users\25902\OneDrive\佑的文件\文档\文件（学习）整理\碩士學習資料\研究資料\半導體學習資料\半导体元件资料\器件工程资料整理\Si&SiC资料整理\BJT双极性电晶体\续流二极管.emmx","591057","5248544"
"C:\Users\25902\OneDrive\佑的文件\文档\文件（学习）整理\碩士學習資料\研究資料\半導體學習資料\半导体元件资料\器件工程资料整理\Si&SiC资料整理\异质结\異質結.emmx","2831449","5248544"
"C:\Users\25902\OneDrive\佑的文件\文档\文件（学习）整理\碩士學習資料\研究資料\半導體學習資料\半导体元件资料\器件工程资料整理\教材整理\半导体物理\半导体物理--刘恩科\1.1基本晶體知識.emmx","451505","5248544"
"C:\Users\25902\OneDrive\佑的文件\文档\文件（学习）整理\碩士學習資料\研究資料\半導體學習資料\半导体元件资料\器件工程资料整理\教材整理\半导体物理\半导体物理--刘恩科\1.2量子力学基本原理.emmx","435354","5248544"
"C:\Users\25902\OneDrive\佑的文件\文档\文件（学习）整理\碩士學習資料\研究資料\半導體學習資料\半导体元件资料\器件工程资料整理\教材整理\半导体物理\半导体物理--刘恩科\1.3半导体中的电子状态.emmx","790381","5248544"
"C:\Users\25902\OneDrive\佑的文件\文档\文件（学习）整理\碩士學習資料\研究資料\半導體學習資料\半导体元件资料\器件工程资料整理\教材整理\半导体物理\半导体物理--刘恩科\1.4  Si和Ge的能带结构.emmx","434149","5248544"
"C:\Users\25902\OneDrive\佑的文件\文档\文件（学习）整理\碩士學習資料\研究資料\半導體學習資料\半导体元件资料\器件工程资料整理\教材整理\半导体物理\半导体物理--刘恩科\2.半导体中的杂质与缺陷.emmx","576267","5248544"
"C:\Users\25902\OneDrive\佑的文件\文档\文件（学习）整理\碩士學習資料\研究資料\半導體學習資料\半导体元件资料\器件工程资料整理\教材整理\半导体物理\半导体物理--刘恩科\3.1统计分布.emmx","932600","5248544"
"C:\Users\25902\OneDrive\佑的文件\文档\文件（学习）整理\碩士學習資料\研究資料\半導體學習資料\半导体元件资料\器件工程资料整理\教材整理\半导体物理\半导体物理--刘恩科\3.2统计分布2.emmx","1664877","5248544"
"C:\Users\25902\OneDrive\佑的文件\文档\文件（学习）整理\碩士學習資料\研究資料\半導體學習資料\半导体元件资料\器件工程资料整理\教材整理\半导体物理\半导体物理--刘恩科\3.3統計分佈3.emmx","541088","5248544"
"C:\Users\25902\OneDrive\佑的文件\文档\文件（学习）整理\碩士學習資料\研究資料\半導體學習資料\半导体元件资料\器件工程资料整理\教材整理\半导体物理\半导体物理--刘恩科\4.1导电性.emmx","947275","5248544"
"C:\Users\25902\OneDrive\佑的文件\文档\文件（学习）整理\碩士學習資料\研究資料\半導體學習資料\半导体元件资料\器件工程资料整理\教材整理\半导体物理\半导体物理--刘恩科\4.2导电性2.emmx","662778","5248544"
"C:\Users\25902\OneDrive\佑的文件\文档\文件（学习）整理\碩士學習資料\研究資料\半導體學習資料\半导体元件资料\器件工程资料整理\教材整理\半导体物理\半导体物理--刘恩科\5.1非平衡载流子.emmx","746832","5248544"
"C:\Users\25902\OneDrive\佑的文件\文档\文件（学习）整理\碩士學習資料\研究資料\半導體學習資料\半导体元件资料\器件工程资料整理\教材整理\半导体物理\半导体物理--刘恩科\5.2复合理论.emmx","1136842","5248544"
"C:\Users\25902\OneDrive\佑的文件\文档\文件（学习）整理\碩士學習資料\研究資料\半導體學習資料\半导体元件资料\器件工程资料整理\教材整理\半导体物理\半导体物理--刘恩科\5.3陷阱效应.emmx","106587","5248544"
"C:\Users\25902\OneDrive\佑的文件\文档\文件（学习）整理\碩士學習資料\研究資料\半導體學習資料\半导体元件资料\器件工程资料整理\教材整理\半导体物理\半导体物理--刘恩科\5.4扩散与漂移（有规则运动）.emmx","886786","5248544"
"C:\Users\25902\OneDrive\佑的文件\文档\文件（学习）整理\碩士學習資料\研究資料\半導體學習資料\半导体元件资料\器件工程资料整理\教材整理\半导体物理\半导体物理--刘恩科\6.1PN结1.emmx","731795","5248544"
"C:\Users\25902\OneDrive\佑的文件\文档\文件（学习）整理\碩士學習資料\研究資料\半導體學習資料\半导体元件资料\器件工程资料整理\教材整理\半导体物理\半导体物理--刘恩科\6.2PN结2.emmx","1602136","5248544"
"C:\Users\25902\OneDrive\佑的文件\文档\文件（学习）整理\碩士學習資料\研究資料\半導體學習資料\半导体元件资料\器件工程资料整理\教材整理\半导体物理\半导体物理--刘恩科\7.1金半接触1.emmx","1469286","5248544"
"C:\Users\25902\OneDrive\佑的文件\文档\文件（学习）整理\碩士學習資料\研究資料\半導體學習資料\半导体元件资料\器件工程资料整理\教材整理\半导体物理\半导体物理--刘恩科\7.2金半接触2.emmx","415582","5248544"
"C:\Users\25902\OneDrive\佑的文件\文档\文件（学习）整理\碩士學習資料\研究資料\半導體學習資料\半导体元件资料\器件工程资料整理\教材整理\半导体物理\半导体物理--刘恩科\8.1MIS1.emmx","335519","5248544"
"C:\Users\25902\OneDrive\佑的文件\文档\文件（学习）整理\碩士學習資料\研究資料\半導體學習資料\半导体元件资料\器件工程资料整理\教材整理\半导体物理\半导体物理--刘恩科\8.2MIS2.emmx","1402042","5248544"
"C:\Users\25902\OneDrive\佑的文件\文档\文件（学习）整理\碩士學習資料\研究資料\半導體學習資料\半导体元件资料\器件工程资料整理\教材整理\半导体物理\半导体物理--刘恩科\半导体物理目录.emmx","216160","5248544"
"C:\Users\25902\OneDrive\佑的文件\文档\文件（学习）整理\碩士學習資料\研究資料\半導體學習資料\半导体软体资料\Layout资料整理\光罩与光阻.emmx","626868","5248544"
"C:\Users\25902\OneDrive\佑的文件\文档\文件（学习）整理\碩士學習資料\研究資料\半導體學習資料\半导体软体资料\sentaurus资料整理\AI x sentaurus\Machine_Learning-Enabled_Fast_Prediction_of_GGNMOS_Performance_and_Inverse_Design_for_Electrostatic_Discharge_Applications.emmx","745244","5248544"
"C:\Users\25902\OneDrive\佑的文件\文档\文件（学习）整理\碩士學習資料\研究資料\半導體學習資料\類比電源IC资料\GaN IC整理\GaN市場調研.emmx","1281316","5248544"
"C:\Users\25902\OneDrive\佑的文件\文档\文件（学习）整理\碩士學習資料\研究資料\半導體學習資料\類比電源IC资料\GaN IC整理\PMIC閘極驅動.emmx","304369","5248544"
"C:\Users\25902\OneDrive\佑的文件\文档\文件（学习）整理\碩士學習資料\研究資料\半導體學習資料\類比電源IC资料\GaN IC整理\PMIC電路設計.emmx","464563","5248544"
"C:\Users\25902\OneDrive\佑的文件\文档\文件（学习）整理\碩士學習資料\研究資料\半導體學習資料\類比電源IC资料\GaN IC整理\類比電路基本模塊對 Vth與 VGS,max的需求.emmx","303739","5248544"
"C:\Users\25902\OneDrive\佑的文件\文档\文件（学习）整理\碩士學習資料\研究資料\實驗組資料\报告整理\週報整理\12.陳秉佑-週報11月12日\Machine_Learning-Enabled_Fast_Prediction_of_GGNMOS_Performance_and_Inverse_Design_for_Electrostatic_Discharge_Applications.emmx","745244","5248544"
"C:\Users\25902\OneDrive\佑的文件\文档\文件（学习）整理\碩士學習資料\研究資料\實驗組資料\报告整理\週報整理\3.陳秉佑-周报8月26日\Subcircuit_Modeling_of_Dual_Channel_MOS-HEMTs_Using_Standard_ASM-HEMT\Subcircuit Modeling of Dual Ch.emmx","1022314","5248544"
"C:\Users\25902\OneDrive\佑的文件\文档\文件（学习）整理\碩士學習資料\研究資料\實驗組資料\报告整理\週報整理\4.陳秉佑-周报9月4日\2021 - TCAD based investigation of single event transient effect in double channel AlGaNGaN HEMT.emmx","1051608","5248544"
"C:\Users\25902\OneDrive\佑的文件\文档\文件（学习）整理\碩士學習資料\研究資料\實驗組資料\报告整理\週報整理\5.陳秉佑-周报9月11日\Epitaxial growth of a high-qua.emmx","1632889","5248544"
"C:\Users\25902\OneDrive\佑的文件\文档\文件（学习）整理\碩士學習資料\研究資料\實驗組資料\报告整理\週報整理\5.陳秉佑-周报9月11日\InAlNGaN HEMTs With AlGaN Back Barriers.emmx","392037","5248544"
"C:\Users\25902\OneDrive\佑的文件\文档\文件（学习）整理\碩士學習資料\研究資料\實驗組資料\报告整理\週報整理\7.陳秉佑-週報9月23日\C-Doped.emmx","1532629","5248544"
"C:\Users\25902\OneDrive\佑的文件\文档\文件（学习）整理\碩士學習資料\研究資料\實驗組資料\报告整理\週報整理\8.陳秉佑-週報9月30日\《The Effect of Heavy Fe-Doping on 3D Growth Mode and Fe Diffusion in GaN for High Power HEMT Application》.emmx","3904432","5248544"
"C:\Users\25902\OneDrive\佑的文件\文档\文件（学习）整理\碩士學習資料\研究資料\實驗組資料\晶創計劃\晶創計劃歷史文檔\晶創計劃--前瞻氮化鎵晶片與其在之高效率高功率密度電源轉換器.emmx","331538","5248544"
"C:\Users\25902\OneDrive\佑的文件\文档\文件（学习）整理\碩士學習資料\課程資料\上學期\先進奈米製程\筆記\第0回.emmx","2270936","5248544"
"C:\Users\25902\OneDrive\佑的文件\文档\文件（学习）整理\碩士學習資料\課程資料\上學期\先進奈米製程\筆記\DRAM\DRAM.emmx","4699279","5248544"
"C:\Users\25902\OneDrive\佑的文件\文档\文件（学习）整理\碩士學習資料\課程資料\上學期\先進奈米製程\筆記\DRAM\DRAM機制.emmx","2291172","5248544"
"C:\Users\25902\OneDrive\佑的文件\文档\文件（学习）整理\碩士學習資料\課程資料\上學期\先進奈米製程\筆記\DRAM\DRAM製程.emmx","2917927","5248544"
"C:\Users\25902\OneDrive\佑的文件\文档\文件（学习）整理\碩士學習資料\課程資料\上學期\先進奈米製程\筆記\SRAM\1.2.1SRAM基本結構.emmx","426267","5248544"
"C:\Users\25902\OneDrive\佑的文件\文档\文件（学习）整理\碩士學習資料\課程資料\上學期\先進奈米製程\筆記\SRAM\1.2.2SRAM--HOLD&READ.emmx","1092965","5248544"
"C:\Users\25902\OneDrive\佑的文件\文档\文件（学习）整理\碩士學習資料\課程資料\上學期\先進奈米製程\筆記\SRAM\1.2.3SRAM--Write.emmx","606023","5248544"
"C:\Users\25902\OneDrive\佑的文件\文档\文件（学习）整理\碩士學習資料\課程資料\上學期\先進奈米製程\筆記\SRAM\1.2.4 SRAM-ARRAY.emmx","857565","5248544"
"C:\Users\25902\OneDrive\佑的文件\文档\文件（学习）整理\碩士學習資料\課程資料\上學期\先進奈米製程\筆記\SRAM\1.2.5 SRAM指標.emmx","3576356","5248544"
"C:\Users\25902\OneDrive\佑的文件\文档\文件（学习）整理\碩士學習資料\課程資料\上學期\先進奈米製程\筆記\SRAM\1.2.6 SRAM Layout.emmx","476855","5248544"
"C:\Users\25902\OneDrive\佑的文件\文档\文件（学习）整理\碩士學習資料\課程資料\上學期\先進奈米製程\筆記\SRAM\SRAM製程\微縮製程.emmx","813253","5248544"
"C:\Users\25902\OneDrive\佑的文件\文档\文件（学习）整理\碩士學習資料\課程資料\上學期\先進奈米製程\筆記\SRAM\SRAM製程\製程可靠性分析.emmx","6579028","5248544"
"C:\Users\25902\OneDrive\佑的文件\文档\文件（学习）整理\碩士學習資料\課程資料\上學期\先進奈米製程\筆記\記憶體MOSFET（橫向結構MOSFET）\1.1.1記憶體MOSFET.emmx","4880114","5248544"
"C:\Users\25902\OneDrive\佑的文件\文档\文件（学习）整理\碩士學習資料\課程資料\上學期\先進奈米製程\筆記\記憶體MOSFET（橫向結構MOSFET）\1.1.2記憶體MOSFET製程.emmx","1453413","5248544"
"C:\Users\25902\OneDrive\佑的文件\文档\文件（学习）整理\碩士學習資料\課程資料\上學期\先進奈米製程\筆記\記憶體MOSFET（橫向結構MOSFET）\1.1.3記憶體MOSFET指標.emmx","1493341","5248544"
"C:\Users\25902\OneDrive\佑的文件\文档\文件（学习）整理\碩士學習資料\課程資料\上學期\功率元件\筆記\簡介1.emmx","1882038","4724256"
"C:\Users\25902\OneDrive\佑的文件\文档\文件（学习）整理\碩士學習資料\課程資料\上學期\功率元件\筆記\簡介1開關電路總述（DC-DC）.emmx","201706","4724256"
"C:\Users\25902\OneDrive\佑的文件\文档\文件（学习）整理\碩士學習資料\課程資料\上學期\功率元件\筆記\總述：功率電子元件.emmx","979827","4724256"
"C:\Users\25902\OneDrive\佑的文件\文档\文件（学习）整理\碩士學習資料\課程資料\上學期\功率元件\筆記\CH1\CH1.1.emmx","795772","4724256"
"C:\Users\25902\OneDrive\佑的文件\文档\文件（学习）整理\碩士學習資料\課程資料\上學期\功率元件\筆記\CH1\CH1.2參數總述 .emmx","418817","4724256"
"C:\Users\25902\OneDrive\佑的文件\文档\文件（学习）整理\碩士學習資料\課程資料\上學期\功率元件\筆記\CH3崩潰電壓\CH3.1崩潰電壓計算及其成立條件判斷.emmx","1551443","4724256"
"C:\Users\25902\OneDrive\佑的文件\文档\文件（学习）整理\碩士學習資料\課程資料\上學期\功率元件\筆記\CH3崩潰電壓\CH3.2.1 Edge Termination (邊緣終端設計.emmx","2201791","4724256"
"C:\Users\25902\OneDrive\佑的文件\文档\文件（学习）整理\碩士學習資料\課程資料\上學期\功率元件\筆記\CH3崩潰電壓\CH3.2.2 Edge Termination 場板，斜端，終端外拓.emmx","1048053","4724256"
"C:\Users\25902\OneDrive\佑的文件\文档\文件（学习）整理\碩士學習資料\課程資料\上學期\功率元件\筆記\CH4肖特基\CH4.1肖特基整流管基本結構.emmx","414617","4724256"
"C:\Users\25902\OneDrive\佑的文件\文档\文件（学习）整理\碩士學習資料\課程資料\上學期\功率元件\筆記\CH4肖特基\CH4.2蕭特基整流管(靜態特性）.emmx","2287425","4724256"
"C:\Users\25902\OneDrive\佑的文件\文档\文件（学习）整理\碩士學習資料\課程資料\上學期\功率元件\筆記\CH4肖特基\CH4.3蕭特基整流二極管(動態特性）.emmx","663067","4724256"
"C:\Users\25902\OneDrive\佑的文件\文档\文件（学习）整理\碩士學習資料\課程資料\上學期\功率元件\筆記\CH4肖特基\CH4.4肖特基整理管（終端技術）.emmx","208263","4724256"
"C:\Users\25902\OneDrive\佑的文件\文档\文件（学习）整理\碩士學習資料\課程資料\上學期\功率元件\筆記\CH6功率MOSFET\1.功率MOSFET.emmx","448807","4724256"
"C:\Users\25902\OneDrive\佑的文件\文档\文件（学习）整理\碩士學習資料\課程資料\上學期\功率元件\筆記\CH6功率MOSFET\2.1功率MOSFET IV特性&體效應.emmx","601155","4724256"
"C:\Users\25902\OneDrive\佑的文件\文档\文件（学习）整理\碩士學習資料\課程資料\上學期\功率元件\筆記\CH6功率MOSFET\2.2正向導通特性1-IDVG.emmx","2567161","4724256"
"C:\Users\25902\OneDrive\佑的文件\文档\文件（学习）整理\碩士學習資料\課程資料\上學期\功率元件\筆記\CH6功率MOSFET\2.3正向導通特性2-IDVD.emmx","349406","4724256"
"C:\Users\25902\OneDrive\佑的文件\文档\文件（学习）整理\碩士學習資料\課程資料\上學期\功率元件\筆記\CH6功率MOSFET\3.功率MOSFETBV特性.emmx","2015321","4724256"
"C:\Users\25902\OneDrive\佑的文件\文档\文件（学习）整理\碩士學習資料\課程資料\上學期\功率元件\筆記\CH6功率MOSFET\4.1VDMOS導通電阻.emmx","2527870","4724256"
"C:\Users\25902\OneDrive\佑的文件\文档\文件（学习）整理\碩士學習資料\課程資料\上學期\功率元件\筆記\CH6功率MOSFET\4.2UMOS導通電阻.emmx","190118","4724256"
"C:\Users\25902\OneDrive\佑的文件\文档\文件（学习）整理\碩士學習資料\課程資料\上學期\功率元件\筆記\CH6功率MOSFET\5.1功率MOSFET等效電路.emmx","107010","4724256"
"C:\Users\25902\OneDrive\佑的文件\文档\文件（学习）整理\碩士學習資料\課程資料\上學期\功率元件\筆記\CH6功率MOSFET\5.2靜態電容（基於結構計算）.emmx","1144759","4724256"
"C:\Users\25902\OneDrive\佑的文件\文档\文件（学习）整理\碩士學習資料\課程資料\上學期\功率元件\筆記\CH6功率MOSFET\5.3動態電容過程.emmx","2166644","4724256"
"C:\Users\25902\OneDrive\佑的文件\文档\文件（学习）整理\碩士學習資料\課程資料\上學期\功率元件\筆記\CH6功率MOSFET\6高頻操作最佳化.emmx","1955898","4724256"
"C:\Users\25902\OneDrive\佑的文件\文档\文件（学习）整理\碩士學習資料\課程資料\上學期\功率元件\筆記\CH6功率MOSFET\7開關特性.emmx","220611","4724256"
"C:\Users\25902\OneDrive\佑的文件\文档\文件（学习）整理\碩士學習資料\課程資料\上學期\功率元件\筆記\CH6功率MOSFET\8.SOA安全操作區域.emmx","748412","4724256"
"C:\Users\25902\OneDrive\佑的文件\文档\文件（学习）整理\碩士學習資料\課程資料\上學期\功率元件\筆記\CH6功率MOSFET\9.反向恢復特性（體二極管）         .emmx","546247","4724256"
"C:\Users\25902\OneDrive\佑的文件\文档\文件（学习）整理\碩士學習資料\課程資料\上學期\功率元件\筆記\CH6功率MOSFET\MOSFET轉換.emmx","127246","4724256"
"C:\Users\25902\OneDrive\佑的文件\文档\文件（学习）整理\碩士學習資料\課程資料\上學期\功率元件\筆記\CH8晶閘管\8.1基本介紹.emmx","563149","4724256"
"C:\Users\25902\OneDrive\佑的文件\文档\文件（学习）整理\碩士學習資料\課程資料\上學期\功率元件\筆記\CH8晶閘管\8.2基本原理.emmx","546782","4724256"
"C:\Users\25902\OneDrive\佑的文件\文档\文件（学习）整理\碩士學習資料\課程資料\上學期\功率元件\筆記\CH8晶閘管\8.3基本特性.emmx","3041232","4724256"
"C:\Users\25902\OneDrive\佑的文件\文档\文件（学习）整理\碩士學習資料\課程資料\上學期\功率元件\筆記\CH8晶閘管\8.4動態特性.emmx","1317264","4724256"
"C:\Users\25902\OneDrive\佑的文件\文档\文件（学习）整理\碩士學習資料\課程資料\上學期\功率元件\筆記\CH8晶閘管\8.5GTO-Gate turn-off thyristor.emmx","355458","4724256"
"C:\Users\25902\OneDrive\佑的文件\文档\文件（学习）整理\碩士學習資料\課程資料\上學期\功率元件\筆記\CH8晶閘管\8.6The Triac Structure.emmx","1336445","4724256"
"C:\Users\25902\OneDrive\佑的文件\文档\文件（学习）整理\碩士學習資料\課程資料\上學期\化合物半導體\筆記\ch1-2\ch1 1.1-1.2.emmx","8983770","5248544"
"C:\Users\25902\OneDrive\佑的文件\文档\文件（学习）整理\碩士學習資料\課程資料\上學期\化合物半導體\筆記\ch1-2\ch1 1.3晶體結構.emmx","2453129","5248544"
"C:\Users\25902\OneDrive\佑的文件\文档\文件（学习）整理\碩士學習資料\課程資料\上學期\化合物半導體\筆記\ch1-2\ch1.4半導體中的缺陷 (Defects in Semic.emmx","728622","5248544"
"C:\Users\25902\OneDrive\佑的文件\文档\文件（学习）整理\碩士學習資料\課程資料\上學期\化合物半導體\筆記\ch1-2\ch1.4晶面間距（晶格常數）.emmx","2175172","5248544"
"C:\Users\25902\OneDrive\佑的文件\文档\文件（学习）整理\碩士學習資料\課程資料\上學期\化合物半導體\筆記\ch1-2\Ch1.5應力Strain.emmx","1419942","5248544"
"C:\Users\25902\OneDrive\佑的文件\文档\文件（学习）整理\碩士學習資料\課程資料\上學期\化合物半導體\筆記\ch1-2\Ch1.6晶格失配.emmx","153330","5248544"
"C:\Users\25902\OneDrive\佑的文件\文档\文件（学习）整理\碩士學習資料\課程資料\上學期\化合物半導體\筆記\ch1-2\CH1.7Polar Materials and Polar.emmx","1834261","5248544"
"C:\Users\25902\OneDrive\佑的文件\文档\文件（学习）整理\碩士學習資料\課程資料\上學期\化合物半導體\筆記\ch1-2\Ch1.8AlGaNGaN.emmx","258948","5248544"
"C:\Users\25902\OneDrive\佑的文件\文档\文件（学习）整理\碩士學習資料\課程資料\上學期\化合物半導體\筆記\ch1-2\CH1.9未來發展.emmx","152764","5248544"
"C:\Users\25902\OneDrive\佑的文件\文档\文件（学习）整理\碩士學習資料\課程資料\上學期\化合物半導體\筆記\ch3\半導體能帶（概述）.emmx","2531955","5248544"
"C:\Users\25902\OneDrive\佑的文件\文档\文件（学习）整理\碩士學習資料\課程資料\上學期\化合物半導體\筆記\ch3\摻雜.emmx","833715","5248544"
"C:\Users\25902\OneDrive\佑的文件\文档\文件（学习）整理\碩士學習資料\課程資料\上學期\化合物半導體\筆記\ch3\有效質量.emmx","1803771","5248544"
"C:\Users\25902\OneDrive\佑的文件\文档\文件（学习）整理\碩士學習資料\課程資料\上學期\化合物半導體\筆記\ch3\能帶計算方法.emmx","385459","5248544"
"C:\Users\25902\OneDrive\佑的文件\文档\文件（学习）整理\碩士學習資料\課程資料\上學期\化合物半導體\筆記\ch3\載流子.emmx","582263","5248544"
"C:\Users\25902\OneDrive\佑的文件\文档\文件（学习）整理\碩士學習資料\課程資料\上學期\化合物半導體\筆記\ch4\技術難題.emmx","154491","5248544"
"C:\Users\25902\OneDrive\佑的文件\文档\文件（学习）整理\碩士學習資料\課程資料\上學期\化合物半導體\筆記\ch4\提高遷移率方法.emmx","1156629","5248544"
"C:\Users\25902\OneDrive\佑的文件\文档\文件（学习）整理\碩士學習資料\課程資料\上學期\化合物半導體\筆記\ch4\能帶結構情況分類.emmx","813378","5248544"
"C:\Users\25902\OneDrive\佑的文件\文档\文件（学习）整理\碩士學習資料\課程資料\上學期\化合物半導體\筆記\ch4\能帶結構改變方法（3大法）.emmx","2282142","5248544"
"C:\Users\25902\OneDrive\佑的文件\文档\文件（学习）整理\碩士學習資料\課程資料\上學期\化合物半導體\筆記\ch5\CH5 Defect and Carrier Scatter.emmx","303132","5248544"
"C:\Users\25902\OneDrive\佑的文件\文档\文件（学习）整理\碩士學習資料\課程資料\上學期\化合物半導體\筆記\Ch6\Ch6 – Lattice Vibrations ：聲子散射.emmx","1992700","5248544"
"C:\Users\25902\OneDrive\佑的文件\文档\文件（学习）整理\碩士學習資料\課程資料\上學期\化合物半導體\筆記\CH7\Ch7 Velocity–field.emmx","1383012","5248544"
"C:\Users\25902\OneDrive\佑的文件\文档\文件（学习）整理\碩士學習資料\課程資料\上學期\半導體元件\筆記\Part1Material\Ch01Electron Energy and States in Semiconductors\1.1原子軌道模型 .emmx","404036","5248544"
"C:\Users\25902\OneDrive\佑的文件\文档\文件（学习）整理\碩士學習資料\課程資料\上學期\半導體元件\筆記\Part1Material\Ch01Electron Energy and States in Semiconductors\1.2軌道雜化理論（複習）.emmx","14993469","5248544"
"C:\Users\25902\OneDrive\佑的文件\文档\文件（学习）整理\碩士學習資料\課程資料\上學期\半導體元件\筆記\Part1Material\Ch01Electron Energy and States in Semiconductors\1.3.1電子基本參數.emmx","125516","5248544"
"C:\Users\25902\OneDrive\佑的文件\文档\文件（学习）整理\碩士學習資料\課程資料\上學期\半導體元件\筆記\Part1Material\Ch01Electron Energy and States in Semiconductors\1.3.2電洞基本參數.emmx","199083","5248544"
"C:\Users\25902\OneDrive\佑的文件\文档\文件（学习）整理\碩士學習資料\課程資料\上學期\半導體元件\筆記\Part1Material\Ch01Electron Energy and States in Semiconductors\1.3.3電洞電子有效質量.emmx","77234","5248544"
"C:\Users\25902\OneDrive\佑的文件\文档\文件（学习）整理\碩士學習資料\課程資料\上學期\半導體元件\筆記\Part1Material\Ch01Electron Energy and States in Semiconductors\1.4.1量子物理基礎.emmx","857769","5248544"
"C:\Users\25902\OneDrive\佑的文件\文档\文件（学习）整理\碩士學習資料\課程資料\上學期\半導體元件\筆記\Part1Material\Ch01Electron Energy and States in Semiconductors\1.4.2量子物理-電子模型.emmx","819938","5248544"
"C:\Users\25902\OneDrive\佑的文件\文档\文件（学习）整理\碩士學習資料\課程資料\上學期\半導體元件\筆記\Part1Material\Ch01Electron Energy and States in Semiconductors\1.5晶體結構.emmx","496860","5248544"
"C:\Users\25902\OneDrive\佑的文件\文档\文件（学习）整理\碩士學習資料\課程資料\上學期\半導體元件\筆記\Part1Material\Ch01Electron Energy and States in Semiconductors\CH01.emmx","10174","5248544"
"C:\Users\25902\OneDrive\佑的文件\文档\文件（学习）整理\碩士學習資料\課程資料\上學期\半導體元件\筆記\Part1Material\Ch02 Homogeneous 同質半導體\2.1Conduction Band Structur導帶結構 .emmx","479001","5248544"
"C:\Users\25902\OneDrive\佑的文件\文档\文件（学习）整理\碩士學習資料\課程資料\上學期\半導體元件\筆記\Part1Material\Ch02 Homogeneous 同質半導體\2.2Valence Band Structure（價帶結構）.emmx","118666","5248544"
"C:\Users\25902\OneDrive\佑的文件\文档\文件（学习）整理\碩士學習資料\課程資料\上學期\半導體元件\筆記\Part1Material\Ch02 Homogeneous 同質半導體\2.3Intrinsic semiconductor本徵半導體.emmx","311135","5248544"
"C:\Users\25902\OneDrive\佑的文件\文档\文件（学习）整理\碩士學習資料\課程資料\上學期\半導體元件\筆記\Part1Material\Ch02 Homogeneous 同質半導體\2.4Collision and Recombination（碰撞.emmx","53442","5248544"
"C:\Users\25902\OneDrive\佑的文件\文档\文件（学习）整理\碩士學習資料\課程資料\上學期\半導體元件\筆記\Part1Material\Ch02 Homogeneous 同質半導體\2.5Extrinsic Semiconductors（ 摻雜半導.emmx","2136456","5248544"
"C:\Users\25902\OneDrive\佑的文件\文档\文件（学习）整理\碩士學習資料\課程資料\上學期\半導體元件\筆記\Part1Material\Ch02 Homogeneous 同質半導體\2.6Nondegenerate Semiconductor非退化半導體.emmx","41021","5248544"
"C:\Users\25902\OneDrive\佑的文件\文档\文件（学习）整理\碩士學習資料\課程資料\上學期\半導體元件\筆記\Part1Material\Ch02 Homogeneous 同質半導體\2.7Degenerate Semiconductors (.emmx","758728","5248544"
"C:\Users\25902\OneDrive\佑的文件\文档\文件（学习）整理\碩士學習資料\課程資料\上學期\半導體元件\筆記\Part1Material\CH3Current Flow in Homogeneous Semiconductors\3.1Drift Current漂移電流.emmx","3545034","5248544"
"C:\Users\25902\OneDrive\佑的文件\文档\文件（学习）整理\碩士學習資料\課程資料\上學期\半導體元件\筆記\Part1Material\CH3Current Flow in Homogeneous Semiconductors\3.2Diffusion Current擴散電流.emmx","262055","5248544"
"C:\Users\25902\OneDrive\佑的文件\文档\文件（学习）整理\碩士學習資料\課程資料\上學期\半導體元件\筆記\Part1Material\CH3Current Flow in Homogeneous Semiconductors\3.3.1 Total Current.emmx","98317","5248544"
"C:\Users\25902\OneDrive\佑的文件\文档\文件（学习）整理\碩士學習資料\課程資料\上學期\半導體元件\筆記\Part1Material\CH3Current Flow in Homogeneous Semiconductors\3.3.2連續方程（Continuity Equations.emmx","344937","5248544"
"C:\Users\25902\OneDrive\佑的文件\文档\文件（学习）整理\碩士學習資料\課程資料\上學期\半導體元件\筆記\Part1Material\CH3Current Flow in Homogeneous Semiconductors\3.4載子產生（Carrier Generation）與復合.emmx","1032708","5248544"
"C:\Users\25902\OneDrive\佑的文件\文档\文件（学习）整理\碩士學習資料\課程資料\上學期\半導體元件\筆記\Part1Material\CH3Current Flow in Homogeneous Semiconductors\3.5少數載子壽命 (Minority Carrier Li.emmx","682224","5248544"
"C:\Users\25902\OneDrive\佑的文件\文档\文件（学习）整理\碩士學習資料\課程資料\上學期\半導體元件\筆記\Part1Material\CH3Current Flow in Homogeneous Semiconductors\CH3簡介.emmx","22184","5248544"
"C:\Users\25902\OneDrive\佑的文件\文档\文件（学习）整理\碩士學習資料\課程資料\上學期\半導體元件\筆記\Part1Material\CH4Nonhomogeneous Semiconductors非同質半導體\非同質半導體.emmx","806716","5248544"
"C:\Users\25902\OneDrive\佑的文件\文档\文件（学习）整理\碩士學習資料\課程資料\上學期\半導體元件\筆記\Part2Diodes\CH5 Prototype pn Homojunctions\5.1PN結.emmx","1851771","5248544"
"C:\Users\25902\OneDrive\佑的文件\文档\文件（学习）整理\碩士學習資料\課程資料\上學期\半導體元件\筆記\Part2Diodes\CH5 Prototype pn Homojunctions\5.2.Tunnel二極體.emmx","243682","5248544"
"C:\Users\25902\OneDrive\佑的文件\文档\文件（学习）整理\碩士學習資料\課程資料\上學期\半導體元件\筆記\Part2Diodes\CH5 Prototype pn Homojunctions\5.3PN核心參數.emmx","782010","5248544"
"C:\Users\25902\OneDrive\佑的文件\文档\文件（学习）整理\碩士學習資料\課程資料\上學期\半導體元件\筆記\Part2Diodes\CH5 Prototype pn Homojunctions\5.4.1 IV特性.emmx","98200","5248544"
"C:\Users\25902\OneDrive\佑的文件\文档\文件（学习）整理\碩士學習資料\課程資料\上學期\半導體元件\筆記\Part2Diodes\CH5 Prototype pn Homojunctions\5.4.2Diffusion Current.emmx","1565569","5248544"
"C:\Users\25902\OneDrive\佑的文件\文档\文件（学习）整理\碩士學習資料\課程資料\上學期\半導體元件\筆記\Part2Diodes\CH5 Prototype pn Homojunctions\5.4.3G–R Current.emmx","224351","5248544"
"C:\Users\25902\OneDrive\佑的文件\文档\文件（学习）整理\碩士學習資料\課程資料\上學期\半導體元件\筆記\Part2Diodes\CH5 Prototype pn Homojunctions\5.4.4 Reverse-Bias Tunneling  .emmx","135346","5248544"
"C:\Users\25902\OneDrive\佑的文件\文档\文件（学习）整理\碩士學習資料\課程資料\上學期\半導體元件\筆記\Part2Diodes\CH5 Prototype pn Homojunctions\5.4.5 reserve-bias carrier 雪崩倍.emmx","472196","5248544"
"C:\Users\25902\OneDrive\佑的文件\文档\文件（学习）整理\碩士學習資料\課程資料\上學期\半導體元件\筆記\Part2Diodes\CH5 Prototype pn Homojunctions\5.5小信號模型.emmx","537168","5248544"
"C:\Users\25902\OneDrive\佑的文件\文档\文件（学习）整理\碩士學習資料\課程資料\上學期\半導體元件\筆記\Part2Diodes\CH7 MOSFET\MOS.emmx","744432","5248544"
"C:\Users\25902\OneDrive\佑的文件\文档\文件（学习）整理\碩士學習資料\課程資料\上學期\半導體元件\筆記\Part2Diodes\CH7 MOSFET\MOSFET    Drift Model.emmx","1711685","5248544"
"C:\Users\25902\OneDrive\佑的文件\文档\文件（学习）整理\碩士學習資料\課程資料\上學期\半導體元件\筆記\Part2Diodes\CH7 MOSFET\MOSFET工作原理.emmx","1541968","5248544"
"C:\Users\25902\OneDrive\佑的文件\文档\文件（学习）整理\碩士學習資料\課程資料\上學期\半導體元件\筆記\Part2Diodes\CH7 MOSFET\MOS電容.emmx","289725","5248544"
"C:\Users\25902\OneDrive\佑的文件\文档\文件（学习）整理\碩士學習資料\課程資料\上學期\半導體元件\筆記\Part2Diodes\CH7 MOSFET\短通道Short Channel Effects.emmx","524721","5248544"
"C:\Users\25902\OneDrive\佑的文件\文档\文件（学习）整理\碩士學習資料\課程資料\上學期\半導體元件\筆記\Part2Diodes\CH7 MOSFET\長通道Channel Length Modulation (.emmx","561083","5248544"
"C:\Users\25902\OneDrive\佑的文件\文档\文件（学习）整理\碩士學習資料\課程資料\上學期\固態物理\1.1算符Operator.emmx","219663","5248544"
"C:\Users\25902\OneDrive\佑的文件\文档\文件（学习）整理\碩士學習資料\課程資料\上學期\固態物理\1.2晶格常數 (lattice constant) 或 鍵長 (.emmx","612620","5248544"
"C:\Users\25902\OneDrive\佑的文件\文档\文件（学习）整理\碩士學習資料\課程資料\上學期\固態物理\1.3單原子和晶體軌道.emmx","955440","5248544"
"C:\Users\25902\OneDrive\佑的文件\文档\文件（学习）整理\碩士學習資料\課程資料\上學期\固態物理\1.4簡并態（degenerate states）.emmx","511277","5248544"
"C:\Users\25902\OneDrive\佑的文件\文档\文件（学习）整理\碩士學習資料\課程資料\上學期\固態物理\2.1一維單粒子方程.emmx","1760769","5248544"
"C:\Users\25902\OneDrive\佑的文件\文档\文件（学习）整理\碩士學習資料\課程資料\上學期\固態物理\2.2雙阱（double well）到多原子（晶體）的橋樑.emmx","726366","5248544"
"C:\Users\25902\OneDrive\佑的文件\文档\文件（学习）整理\碩士學習資料\課程資料\上學期\固態物理\3.1緊束縛（tight-binding）與能帶、速度、有效質量.emmx","432738","5248544"
"C:\Users\25902\OneDrive\佑的文件\文档\文件（学习）整理\碩士學習資料\課程資料\上學期\固態物理\3.2tight-bindingLCAO.emmx","489724","5248544"
"C:\Users\25902\OneDrive\佑的文件\文档\文件（学习）整理\碩士學習資料\課程資料\上學期\固態物理\4.DOS狀態密度函數.emmx","1034039","5248544"
"C:\Users\25902\OneDrive\佑的文件\文档\文件（学习）整理\碩士學習資料\課程資料\上學期\固態物理\5.1單電子電晶體 SET、量子點、以及低維度電子系統（2D.emmx","723442","5248544"
"C:\Users\25902\OneDrive\佑的文件\文档\文件（学习）整理\碩士學習資料\課程資料\上學期\固態物理\5.庫倫阻塞 Coulomb Blockade與單電子電晶體.emmx","445260","5248544"
"C:\Users\25902\OneDrive\佑的文件\文档\文件（学习）整理\碩士學習資料\課程資料\上學期\日月光封裝\筆記\簡介1.1：封裝概要與分類.emmx","3625934","5248544"
"C:\Users\25902\OneDrive\佑的文件\文档\文件（学习）整理\碩士學習資料\課程資料\上學期\日月光封裝\筆記\簡介1.2：封裝方案的選擇方法.emmx","85709","5248544"
"C:\Users\25902\OneDrive\佑的文件\文档\文件（学习）整理\碩士學習資料\課程資料\上學期\日月光封裝\筆記\簡介1.3：先進封裝技術.emmx","1281366","5248544"
"C:\Users\25902\OneDrive\佑的文件\文档\文件（学习）整理\碩士學習資料\課程資料\上學期\日月光封裝\筆記\簡介1.4封裝產品匯總.emmx","1139171","5248544"
"C:\Users\25902\OneDrive\佑的文件\文档\文件（学习）整理\碩士學習資料\課程資料\上學期\日月光封裝\筆記\簡介2封裝製程.emmx","17088249","5248544"
